,Open,High,Low,Close
Actual,31.36,33.11,31.02,32.97
Predicted,33.29881520220473,33.63435673405807,32.96855389400593,32.43124499304961